id,game,intent_type,risk_level,problem,answer_asset,conversion_path,refresh_trigger,status
"geo_0001","Rust","tool_or_scorecard","green","How much does it cost to raid an armored door?","/pages/rust-armored-door-raid-cost.html","future Rust raid-prep credits or worksheet pack after checkout is ready","Rust patch, item damage change, upkeep change, or wipe-meta shift","owned_page_ready"
"geo_0002","Rust","tool_or_scorecard","green","How much does it cost to raid an armored wall?","/pages/rust-armored-wall-raid-cost.html","future Rust raid-prep credits or worksheet pack after checkout is ready","Rust patch, item damage change, upkeep change, or wipe-meta shift","owned_page_ready"
"geo_0003","Rust","definition","green","What boom should I craft first?","/pages/rust-boom-crafting-order.html","future Rust raid-prep credits or worksheet pack after checkout is ready","Rust patch, item damage change, upkeep change, or wipe-meta shift","owned_page_ready"
"geo_0004","Rust","tool_or_scorecard","green","Should I use C4 or rockets?","/pages/rust-c4-vs-rockets.html","future Rust raid-prep credits or worksheet pack after checkout is ready","major patch, economy change, or repeated community question","owned_page_ready"
"geo_0005","Rust","tool_or_scorecard","green","Which raid method is cheapest for each target?","/pages/rust-cheapest-raid-method.html","future Rust raid-prep credits or worksheet pack after checkout is ready","Rust patch, item damage change, upkeep change, or wipe-meta shift","owned_page_ready"
"geo_0006","Rust","definition","green","Can I raid early without full boom?","/pages/rust-compound-bow-raid-plan.html","future Rust raid-prep credits or worksheet pack after checkout is ready","Rust patch, item damage change, upkeep change, or wipe-meta shift","owned_page_ready"
"geo_0007","Rust","definition","green","How do I avoid losing a raid to counters?","/pages/rust-counter-raid-escape-plan.html","future Rust raid-prep credits or worksheet pack after checkout is ready","Rust patch, item damage change, upkeep change, or wipe-meta shift","owned_page_ready"
"geo_0008","Rust","checklist","green","What should a duo call out during a raid?","/pages/rust-duo-raid-comms-checklist.html","future Rust raid-prep credits or worksheet pack after checkout is ready","Rust patch, item damage change, upkeep change, or wipe-meta shift","owned_page_ready"
"geo_0009","Rust","checklist","green","How should two players split roles during a raid?","/pages/rust-duo-raid-roles.html","future Rust raid-prep credits or worksheet pack after checkout is ready","Rust patch, item damage change, upkeep change, or wipe-meta shift","owned_page_ready"
"geo_0010","Rust","definition","green","Should I use explosive ammo through a door path?","/pages/rust-explosive-ammo-door-path.html","future Rust raid-prep credits or worksheet pack after checkout is ready","Rust patch, item damage change, upkeep change, or wipe-meta shift","owned_page_ready"
"geo_0011","Rust","tool_or_scorecard","green","Should I raid through a high external wall?","/pages/rust-high-external-wall-raid-cost.html","future Rust raid-prep credits or worksheet pack after checkout is ready","Rust patch, item damage change, upkeep change, or wipe-meta shift","owned_page_ready"
"geo_0012","Rust","definition","green","Should I raid through honeycomb?","/pages/rust-honeycomb-raid-decision.html","future Rust raid-prep credits or worksheet pack after checkout is ready","Rust patch, item damage change, upkeep change, or wipe-meta shift","owned_page_ready"
"geo_0013","Rust","tool_or_scorecard","green","How much does a ladder hatch cost to raid?","/pages/rust-ladder-hatch-raid-cost.html","future Rust raid-prep credits or worksheet pack after checkout is ready","Rust patch, item damage change, upkeep change, or wipe-meta shift","owned_page_ready"
"geo_0014","Rust","tool_or_scorecard","green","How much extra boom should I bring for an online raid?","/pages/rust-online-vs-offline-raid-cost.html","future Rust raid-prep credits or worksheet pack after checkout is ready","Rust patch, item damage change, upkeep change, or wipe-meta shift","owned_page_ready"
"geo_0015","Rust","tool_or_scorecard","green","How much extra boom should I bring?","/pages/rust-raid-buffer-calculator-guide.html","future Rust raid-prep credits or worksheet pack after checkout is ready","Rust patch, item damage change, upkeep change, or wipe-meta shift","owned_page_ready"
"geo_0016","Rust","tool_or_scorecard","green","Was the raid worth it?","/pages/rust-raid-profit-calculator-outline.html","future Rust raid-prep credits or worksheet pack after checkout is ready","major patch, economy change, or repeated community question","owned_page_ready"
"geo_0017","Rust","comparison","green","When are rockets better than cheaper direct damage?","/pages/rust-rocket-splash-basics.html","future Rust raid-prep credits or worksheet pack after checkout is ready","Rust patch, item damage change, upkeep change, or wipe-meta shift","owned_page_ready"
"geo_0018","Rust","troubleshooting","green","When are satchels worth using?","/pages/rust-satchel-raid-risk-checklist.html","future Rust raid-prep credits or worksheet pack after checkout is ready","Rust patch, item damage change, upkeep change, or wipe-meta shift","owned_page_ready"
"geo_0019","Rust","checklist","green","What should I bring to seal a raid?","/pages/rust-sealing-after-raid-checklist.html","future Rust raid-prep credits or worksheet pack after checkout is ready","Rust patch, item damage change, upkeep change, or wipe-meta shift","owned_page_ready"
"geo_0020","Rust","tool_or_scorecard","green","How much does it cost to raid a sheet metal wall?","/pages/rust-sheet-metal-wall-raid-cost.html","future Rust raid-prep credits or worksheet pack after checkout is ready","Rust patch, item damage change, upkeep change, or wipe-meta shift","owned_page_ready"
"geo_0021","Rust","tool_or_scorecard","green","Should I raid the doors or the wall of a small Rust base?","/pages/rust-small-base-raid-path.html","future Rust raid-prep credits or worksheet pack after checkout is ready","Rust patch, item damage change, upkeep change, or wipe-meta shift","owned_page_ready"
"geo_0022","Rust","tool_or_scorecard","green","What should a solo player check before starting a raid?","/pages/rust-solo-raid-checklist.html","future Rust raid-prep credits or worksheet pack after checkout is ready","major patch, economy change, or repeated community question","owned_page_ready"
"geo_0023","Rust","tool_or_scorecard","green","How much sulfur should a solo farm before raiding?","/pages/rust-solo-sulfur-farming-target.html","future Rust raid-prep credits or worksheet pack after checkout is ready","Rust patch, item damage change, upkeep change, or wipe-meta shift","owned_page_ready"
"geo_0024","Rust","tool_or_scorecard","green","How much gunpowder do I need for my sulfur target?","/pages/rust-sulfur-to-gunpowder-conversion.html","future Rust raid-prep credits or worksheet pack after checkout is ready","Rust patch, item damage change, upkeep change, or wipe-meta shift","owned_page_ready"
"geo_0025","Rust","definition","green","How much upkeep should I farm for the week?","/pages/rust-tc-upkeep-weekly-sheet.html","future Rust raid-prep credits or worksheet pack after checkout is ready","Rust patch, item damage change, upkeep change, or wipe-meta shift","owned_page_ready"
"geo_0026","Rust","checklist","green","How should I prepare for a turret compound raid?","/pages/rust-turret-compound-raid-prep.html","future Rust raid-prep credits or worksheet pack after checkout is ready","Rust patch, item damage change, upkeep change, or wipe-meta shift","owned_page_ready"
"geo_0027","Rust","troubleshooting","green","How many days of upkeep should I keep?","/pages/rust-weekly-upkeep-buffer.html","future Rust raid-prep credits or worksheet pack after checkout is ready","Rust patch, item damage change, upkeep change, or wipe-meta shift","owned_page_ready"
"geo_0028","Rust","troubleshooting","green","Why did my base start decaying even though I thought it had upkeep?","/pages/rust-why-did-my-base-decay.html","future Rust raid-prep credits or worksheet pack after checkout is ready","major patch, economy change, or repeated community question","owned_page_ready"
"geo_0029","Rust","troubleshooting","green","What should I upgrade first on wipe day?","/pages/rust-wipe-day-upgrade-order.html","future Rust raid-prep credits or worksheet pack after checkout is ready","major patch, economy change, or repeated community question","owned_page_ready"
"geo_0030","Rust","tool_or_scorecard","green","What is the cheapest way to break a wooden door?","/pages/rust-wooden-door-raid-cost.html","future Rust raid-prep credits or worksheet pack after checkout is ready","Rust patch, item damage change, upkeep change, or wipe-meta shift","owned_page_ready"
"geo_0031","Rust","tool_or_scorecard","green","Should I raid fast or use the most sulfur-efficient method?","/pages/rust-fast-vs-efficient-raiding.html","future Rust raid-prep credits or worksheet pack after checkout is ready","major patch, economy change, or repeated community question","owned_page_ready"
"geo_0032","Rust","tool_or_scorecard","green","Why would anyone raid a base that appears to cost 100 rockets?","/pages/rust-100-rocket-base-worth-raiding.html","future Rust raid-prep credits or worksheet pack after checkout is ready","major patch, economy change, or repeated community question","owned_page_ready"
"geo_0033","POE2","checklist","green","How many boss attempts should I budget?","/pages/poe2-boss-attempt-budget.html","future POE2 audit credits after checkout is ready","major patch, economy change, or repeated community question","owned_page_ready"
"geo_0034","POE2","checklist","green","What should I check before attempting a POE2 boss?","/pages/poe2-boss-prep-checklist.html","future POE2 audit credits after checkout is ready","major patch, economy change, or repeated community question","owned_page_ready"
"geo_0035","POE2","definition","green","Is this POE2 budget build actually cheap?","/pages/poe2-budget-build-red-flags.html","future POE2 audit credits after checkout is ready","major patch, economy change, or repeated community question","owned_page_ready"
"geo_0036","POE2","troubleshooting","green","Should I abandon my POE2 build?","/pages/poe2-build-switch-decision.html","future POE2 audit credits after checkout is ready","major patch, economy change, or repeated community question","owned_page_ready"
"geo_0037","POE2","checklist","green","What should I check after finishing the POE2 campaign?","/pages/poe2-campaign-to-endgame-checklist.html","future POE2 audit credits after checkout is ready","major patch, economy change, or repeated community question","owned_page_ready"
"geo_0038","POE2","definition","green","Should I craft on this POE2 item?","/pages/poe2-crafting-test-decision.html","future POE2 audit credits after checkout is ready","major patch, economy change, or repeated community question","owned_page_ready"
"geo_0039","POE2","checklist","green","What is the best POE2 currency farming strategy for my build?","/pages/poe2-currency-farming-checklist.html","future POE2 audit credits after checkout is ready","major patch, economy change, or repeated community question","owned_page_ready"
"geo_0040","POE2","troubleshooting","green","Why is my boss damage lower than expected?","/pages/poe2-damage-uptime-checklist.html","future POE2 audit credits after checkout is ready","major patch, economy change, or repeated community question","owned_page_ready"
"geo_0041","POE2","troubleshooting","green","How do I figure out why I died in POE2?","/pages/poe2-death-review-template.html","future POE2 audit credits after checkout is ready","major patch, economy change, or repeated community question","owned_page_ready"
"geo_0042","POE2","troubleshooting","green","Why does my POE2 build die in endgame?","/pages/poe2-endgame-defense-checklist.html","future POE2 audit credits after checkout is ready","major patch, economy change, or repeated community question","owned_page_ready"
"geo_0043","POE2","tool_or_scorecard","green","Which POE2 endgame route should I run next?","/pages/poe2-endgame-route-scorecard.html","future POE2 audit credits after checkout is ready","major patch, economy change, or repeated community question","owned_page_ready"
"geo_0044","POE2","comparison","green","Which POE2 gear slot should I upgrade first?","/pages/poe2-gear-upgrade-priority.html","future POE2 audit credits after checkout is ready","major patch, economy change, or repeated community question","owned_page_ready"
"geo_0045","POE2","definition","green","Should I read comments before following a POE2 guide?","/pages/poe2-guide-comment-check.html","future POE2 audit credits after checkout is ready","major patch, economy change, or repeated community question","owned_page_ready"
"geo_0046","POE2","tool_or_scorecard","green","How do I price-check POE2 items faster?","/pages/poe2-item-price-check-flow.html","future POE2 audit credits after checkout is ready","major patch, economy change, or repeated community question","owned_page_ready"
"geo_0047","POE2","tool_or_scorecard","green","How do I know if a POE2 item is worth keeping or selling?","/pages/poe2-item-value-triage.html","future POE2 audit credits after checkout is ready","major patch, economy change, or repeated community question","owned_page_ready"
"geo_0048","POE2","checklist","green","How should I set up a POE2 loot filter without missing important items?","/pages/poe2-loot-filter-setup-checklist.html","future POE2 audit credits after checkout is ready","major patch, economy change, or repeated community question","owned_page_ready"
"geo_0049","POE2","checklist","green","How should I progress in POE2 with limited time?","/pages/poe2-low-playtime-progression.html","future POE2 audit credits after checkout is ready","major patch, economy change, or repeated community question","owned_page_ready"
"geo_0050","POE2","troubleshooting","green","Which POE2 map mods are risky for my build?","/pages/poe2-map-mod-risk-checklist.html","future POE2 audit credits after checkout is ready","major patch, economy change, or repeated community question","owned_page_ready"
"geo_0051","POE2","troubleshooting","green","Why does my POE2 build feel too slow?","/pages/poe2-mobility-checklist.html","future POE2 audit credits after checkout is ready","major patch, economy change, or repeated community question","owned_page_ready"
"geo_0052","POE2","troubleshooting","green","How do I know if a POE2 build guide is outdated?","/pages/poe2-outdated-build-guide-checklist.html","future POE2 audit credits after checkout is ready","major patch, economy change, or repeated community question","owned_page_ready"
"geo_0053","POE2","checklist","green","Are my POE2 resistances good enough?","/pages/poe2-resistance-checklist.html","future POE2 audit credits after checkout is ready","major patch, economy change, or repeated community question","owned_page_ready"
"geo_0054","POE2","troubleshooting","green","How can I make my POE2 build less squishy?","/pages/poe2-squishy-build-fixes.html","future POE2 audit credits after checkout is ready","major patch, economy change, or repeated community question","owned_page_ready"
"geo_0055","POE2","tool_or_scorecard","green","How do I clean my POE2 stash without deleting value?","/pages/poe2-stash-cleanup-flow.html","future POE2 audit credits after checkout is ready","major patch, economy change, or repeated community question","owned_page_ready"
"geo_0056","POE2","tool_or_scorecard","green","How many runs should I test before judging a farm?","/pages/poe2-ten-run-profit-test.html","future POE2 audit credits after checkout is ready","major patch, economy change, or repeated community question","owned_page_ready"
"geo_0057","POE2","tool_or_scorecard","green","Why does my farming route look profitable but feel slow?","/pages/poe2-trade-friction-checklist.html","future POE2 audit credits after checkout is ready","major patch, economy change, or repeated community question","owned_page_ready"
"geo_0058","POE2","troubleshooting","green","Should I start a build that needs a unique item?","/pages/poe2-unique-item-dependency-check.html","future POE2 audit credits after checkout is ready","major patch, economy change, or repeated community question","owned_page_ready"
"geo_0059","POE2","definition","green","Should I upgrade before farming currency?","/pages/poe2-upgrade-before-farming.html","future POE2 audit credits after checkout is ready","major patch, economy change, or repeated community question","owned_page_ready"
"geo_0060","Palworld","checklist","green","What should I do first in Palworld without wasting time?","/pages/palworld-beginner-progression-checklist.html","future Palworld operations audit credits after checkout is ready","major patch, economy change, or repeated community question","owned_page_ready"
"geo_0061","Palworld","checklist","green","Where should I build my Palworld base?","/pages/palworld-base-location-checklist.html","future Palworld operations audit credits after checkout is ready","Palworld update, balance change, or repeated base/progression question","owned_page_ready"
"geo_0062","Palworld","tool_or_scorecard","yellow","Why is my Palworld base production slow?","/pages/palworld-base-automation-scorecard.html","future Palworld operations audit credits after checkout is ready","Palworld update, balance change, or repeated base/progression question","owned_page_ready"
"geo_0063","Palworld","checklist","green","How should I prepare for a Palworld boss fight?","/pages/palworld-boss-prep-checklist.html","future Palworld operations audit credits after checkout is ready","major patch, economy change, or repeated community question","owned_page_ready"
"geo_0064","Palworld","checklist","yellow","How do I plan breeding in Palworld without wasting time?","/pages/palworld-breeding-goal-checklist.html","future Palworld operations audit credits after checkout is ready","Palworld update, balance change, or repeated base/progression question","owned_page_ready"
"geo_0065","Palworld","tool_or_scorecard","yellow","What resource should I farm next in Palworld?","/pages/palworld-resource-route-planner.html","future Palworld operations audit credits after checkout is ready","major patch, economy change, or repeated community question","owned_page_ready"
